able,1
abundance,1
accelerate,1
accept,1
acclaim,1
accolade,1
accomplish,1
accord,1
accredit,1
accrue,1
ace,1
achieve,1
action,1
activate,1
active,1
add,1
addition,1
adept,1
admirable,1
adorable,1
advance,1
advantage,1
adventure,1
affable,1
affirm,1
ageless,1
agree,1
agreeable,1
aid,1
aim,1
alacrity,1
alert,1
alight,1
alive,1
all,1
altruistic,1
always,1
amaze,1
amazement,1
amazing,1
ambition,1
amiable,1
amity,1
amuse,1
anew,1
angel,1
appealing,1
applaud,1
appreciate,1
approve,1
arouse,1
art,1
as,1
ascend,1
aspire,1
assent,1
assert,1
assist,1
associate,1
assure,1
astir,1
astonish,1
attain,1
attempt,1
attention,1
attentive,1
attest,1
attraction,1
attribute,1
attune,1
augment,1
auspicious,1
authentic,1
available,1
avid,1
awake,1
award,1
aware,1
awash,1
awesome,1
aye,1
back,1
balance,1
balanced,1
beatific,1
beatify,1
beatitude,1
beau,1
beauteous,1
beautiful,1
beautify,1
beauty,1
become,1
befriend,1
begin,1
beginning,1
being,1
belief,1
believe,1
beloved,1
benedictory,1
benefaction,1
beneficial,1
benefit,1
benevolent,1
best,1
bestow,1
bet,1
better,1
betterment,1
beyond,1
big,1
big-hearted,1
bijou,1
bird,1
blasting,1
bless,1
blessed,1
blessing,1
bliss,1
blissful,1
bloom,1
blooming,1
blossom,1
bold,1
bombastic,1
bonafide,1
bonanza,1
bond,1
bonny,1
bonus,1
boom,1
boost,1
bountiful,1
bounty,1
box,1
brainy,1
brand-new,1
brave,1
bravery,1
bravo!,1
breakthrough,1
breathtaking,1
bright,1
brighten,1
brill,1
brilliant,1
brisk,1
briskly,1
bubbly,1
budding,1
buddy,1
build,1
bullish,1
cajole,1
calm,1
calming,1
calmly,1
calmness,1
campaign,1
campaigner,1
can,1
can-do,1
candescent,1
candid,1
candidly,1
candor,1
candy,1
cannily,1
canny,1
canteen,1
capability,1
capable,1
capably,1
capacious,1
capital,1
captain,1
captivate,1
captivating,1
care,1
cared,1
career,1
carefree,1
carefreeness,1
careful,1
carefully,1
carefulness,1
caress,1
caretaker,1
caring,1
cash,1
casual,1
casually,1
catalyst,1
catch,1
catching,1
catchy,1
cause,1
celebrate,1
celebrated,1
celebration,1
celebrator,1
celebratory,1
celebrity,1
celestial,1
center,1
centered,1
central,1
ceo,1
certain,1
certainly,1
certainty,1
chairperson,1
champ,1
champion,1
chance,1
change,1
changeable,1
changeless,1
chaperone,1
charisma,1
charismatic,1
charitable,1
charity,1
charm,1
charmed,1
charmer,1
charming,1
charmingly,1
chaste,1
cheap,1
cheeky,1
cheer,1
cheerful,1
cheerfully,1
cheerfulness,1
cheering,1
cheerio,1
cheers,1
cheery,1
chemistry,1
cherish,1
cherub,1
chic,1
chief,1
chieftain,1
child,1
childish,1
childlike,1
child’s,1
chipper,1
chirp,1
chirpy,1
chivalrous,1
chivalry,1
choice,1
choose,1
chortle,1
chosen,1
chuckle,1
chum,1
chummy,1
cinch,1
civic,1
civil,1
civility,1
civilize,1
civilized,1
clairvoyant,1
clarity,1
classic,1
classical,1
classy,1
claus,1
clean,1
cleanliness,1
cleanly,1
clear,1
clear-cut,1
clear-headed,1
clearly,1
clebrant,1
clemency,1
clement,1
clever,1
cleverly,1
cleverness,1
close,1
closely,1
closeness,1
coequal,1
cogent,1
cognizance,1
cognizant,1
cohesive,1
collabolator,1
collaboration,1
collaborative,1
collaborator,1
collateral,1
colleague,1
collective,1
collector,1
combination,1
comely,1
comfort,1
comfortable,1
comforter,1
comfy,1
comic,1
comical,1
commander,1
commanding,1
commend,1
commendable,1
commendably,1
commendatory,1
commitment,1
committed,1
communion,1
community,1
compact,1
compacted,1
companion,1
companionship,1
company,1
compassion,1
compassionate,1
compelling,1
complement,1
complete,1
completely,1
compliment,1
compose,1
comprehension,1
comprehensive,1
concentrate,1
concentrated,1
concentration,1
concert,1
conciliate,1
conciliation,1
conciliatory,1
concise,1
conclusive,1
conclusively,1
concordance,1
concordant,1
concrete,1
condole,1
condolence,1
conductor,1
confidant,1
confide,1
confidence,1
confident,1
confirm,1
confirmation,1
congenial,1
congrats,1
congratulate,1
congratulations,1
congruous,1
conjunction,1
connect,1
connected,1
connectedness,1
connection,1
connoisseur,1
conquer,1
conquest,1
conscious,1
consciousness,1
consensual,1
consequential,1
consider,1
considerate,1
consist,1
consistency,1
consistent,1
consistently,1
constant,1
constantly,1
constructive,1
consul,1
consultant,1
content,1
contented,1
contentment,1
contrast,1
contribute,1
contribution,1
contributor,1
control,1
convenience,1
convenient,1
conveniently,1
conversant,1
conversation,1
converse,1
convert,1
converted,1
convey,1
conviction,1
convince,1
convincing,1
convivial,1
conviviality,1
cool,1
cool-headed,1
cooperate,1
cooperation,1
cooperative,1
copacetic,1
cope,1
copious,1
cordial,1
cordially,1
cornerstone,1
corporation,1
correct,1
correctly,1
coruscant,1
cosmic,1
cost-effective,1
cosy,1
could,1
counsel,1
counselor,1
courage,1
courageous,1
courageously,1
courteous,1
courtesy,1
courtly,1
covenant,1
coy,1
coyness,1
cozy,1
crack,1
crackerjack,1
craft,1
craftsman,1
craftsmanship,1
cratfy,1
cream,1
creamy,1
create,1
creation,1
creative,1
creativity,1
creator,1
credence,1
credential,1
credibility,1
credible,1
credit,1
creditable,1
crew,1
crowd,1
crowd-pleaser,1
crowd-puller,1
crucial,1
crystal,1
crystal-clear,1
crystalize,1
cucumber,1
cuddle,1
cuddlesome,1
cuddly,1
culminate,1
culmination,1
cultural,1
culture,1
cultured,1
cunning,1
cunningly,1
cupid,1
curator,1
cure,1
cure-all,1
curiosity,1
curious,1
current,1
curvaceous,1
cushion,1
cushy,1
cute,1
da,1
dainty,1
dandle,1
dandy,1
danke,1
danken,1
dapper,1
daring,1
daringly,1
darling,1
dashing,1
dauntless,1
dazzle,1
dazzled,1
dazzling,1
dead,1
dead-cheap,1
dead-on,1
dear,1
debonair,1
decency,1
decent,1
decisive,1
decisiveness,1
decorous,1
dedicated,1
deductive,1
deep,1
defeat,1
defeating,1
defender,1
deference,1
definite,1
definitive,1
deft,1
delectable,1
deliberate,1
delicacy,1
delicate,1
delicious,1
deliciousness,1
delight,1
delighted,1
delightful,1
delightfully,1
delightfulness,1
deluxe,1
democratic,1
demonstrative,1
demulcent,1
deo-gratias,1
deo-volente,1
dependability,1
dependable,1
dependably,1
deservedly,1
deserving,1
desirable,1
desire,1
desired,1
desiring,1
desirous,1
destined,1
destiny,1
determination,1
determined,1
developed,1
developing,1
devoted,1
devotion,1
devotional,1
devout,1
dexterity,1
dexterous,1
dexterously,1
dialectic,1
diamond,1
didactic,1
diddums,1
die-hard,1
different,1
dignified,1
dignify,1
dignity,1
diligence,1
diligent,1
diligently,1
dinger,1
dinkum,1
dip,1
diplomatic,1
direct,1
dirt-cheap,1
disarming,1
disburden,1
discerning,1
discipline,1
disciplined,1
discovery,1
discreet,1
discretion,1
discriminating,1
dispassionate,1
distinct,1
distinction,1
distinctive,1
distinguished,1
diverse,1
diversified,1
diversity,1
diverting,1
divine,1
divinely,1
divinity,1
divinize,1
doable,1
doddle,1
doll,1
dolly,1
dominant,1
dominate,1
donate,1
donation,1
doozy,1
dope,1
doss,1
dote,1
doting,1
dotingly,1
doubtless,1
doughty,1
dovelike,1
down-to-earth,1
downy,1
dream,1
dreamland,1
dreamy,1
dressing,1
dressy,1
drive,1
driven,1
driving,1
drop,1
ducky,1
dude,1
due,1
dulcet,1
dumbfounded,1
dumbfounding,1
dummy-proof,1
durable,1
duteous,1
dutiful,1
duty,1
dynamic,1
dynamite,1
eager,1
eagerly,1
eagerness,1
ear,1
early,1
earn,1
earnest,1
earnestly,1
earnestness,1
ease,1
eased,1
easily,1
easy,1
easy-going,1
easy-peasy,1
easy-street,1
easy-to-reach,1
easy-to-understand,1
easy-to-use,1
ebullience,1
ebullient,1
ebulliently,1
echt,1
eclectic,1
eco-friendly,1
eco-warrior,1
economic,1
economical,1
economically,1
economize,1
ecstasy,1
ecstatic,1
ecstatically,1
eden,1
edgy,1
edified,1
edify,1
edifying,1
educate,1
educated,1
education,1
educational,1
educe,1
effective,1
effectively,1
effectual,1
effendi,1
effervescent,1
efficacious,1
efficiency,1
efficient,1
efficiently,1
effort,1
effortless,1
effortlessly,1
effulgent,1
effusion,1
effusive,1
effusively,1
effusiveness,1
egalitarian,1
egregious,1
einstein,1
eirenic,1
elaborate,1
elan,1
elate,1
elated,1
elatedly,1
elating,1
elation,1
electric,1
electrify,1
electrifying,1
eleemosynary,1
elegance,1
elegant,1
elegantly,1
elevate,1
eligible,1
elite,1
elixir,1
elocution,1
elohim,1
elope,1
eloquence,1
eloquent,1
eloquently,1
elucidate,1
emancipate,1
emancipation,1
emancipatory,1
embellish,1
emblazon,1
embolden,1
embourgeoisement,1
emerging,1
emeritus,1
eminence,1
eminent,1
emissions,1
emollient,1
emotion,1
empathetic,1
empathic,1
empathize,1
empathy,1
emphasis,1
emphasize,1
emphatic,1
employable,1
empower,1
empowered,1
empowering,1
empowerment,1
empyreal,1
enable,1
enamour,1
enamoured,1
enamouring,1
enchant,1
enchanted,1
enchanting,1
enchantingly,1
encomiast,1
encore,1
encourage,1
encouragement,1
encouraging,1
encouragingly,1
endear,1
endeared,1
endearing,1
endearment,1
endeavour,1
endeavourer,1
endless,1
endorse,1
endorsed,1
endorsement,1
endow,1
endowed,1
endure,1
enduring,1
energetic,1
energize,1
energizing,1
energy,1
energy-efficient,1
energy-saving,1
enfete,1
engage,1
engaged,1
engaging,1
engross,1
engrossing,1
enhance,1
enhanced,1
enhancement,1
enjoy,1
enjoyable,1
enjoyably,1
enjoyed,1
enjoyer,1
enjoyment,1
enlighten,1
enlightened,1
enlightening,1
enlightenment,1
enlist,1
enliven,1
enlivened,1
enlivening,1
ennoble,1
ennobled,1
enormous,1
enough,1
enrapt,1
enrapture,1
enraptured,1
enrapturing,1
enrich,1
enricher,1
enriching,1
enrichment,1
enshrine,1
ensorcell,1
ensure,1
enterprise,1
enterprising,1
entertain,1
entertaining,1
entertainment,1
enthral,1
enthralled,1
enthralling,1
enthrone,1
enthuse,1
enthusiasm,1
enthusiast,1
enthusiastic,1
enthusiastically,1
entice,1
enticed,1
enticing,1
entire,1
entrance,1
entrancing,1
entrust,1
entrusted,1
enunciate,1
enviable,1
enviably,1
epic,1
epigrammatic,1
epiphany,1
epitome,1
epitomize,1
equable,1
equal,1
equality,1
equalized,1
equally,1
equilibrium,1
equiponderant,1
equipped,1
equitable,1
equity,1
equivalent,1
ergonomic,1
erogenous,1
erudite,1
escapade,1
especial,1
espirit,1
essence,1
essential,1
establish,1
established,1
esteem,1
esteemed,1
eternal,1
ethereal,1
ethic,1
ethical,1
eulogize,1
euphony,1
euphoria,1
euphoriant,1
euphoric,1
euphorically,1
eureka,1
evangelist,1
even,1
even-handed,1
eventful,1
evergreen,1
everlasting,1
evermore,1
evident,1
evocative,1
evolution,1
evolve,1
evolving,1
exact,1
exalt,1
exaltation,1
exalted,1
exceed,1
exceeding,1
exceedingly,1
excel,1
excellence,1
excellent,1
excellently,1
exceptional,1
exceptionally,1
excite,1
excited,1
excitedly,1
excitement,1
exciting,1
excitingly,1
exclusive,1
executive,1
exemplar,1
exemplary,1
exhaustive,1
exhilarate,1
exhilarating,1
exhilaratingly,1
exhilaration,1
exonerate,1
exotic,1
expansive,1
expectant,1
expedite,1
expeditious,1
expeditiously,1
experienced,1
expert,1
expertise,1
expertly,1
expression,1
expressive,1
exquisite,1
exquisitely,1
extensive,1
extol,1
extraordinaire,1
extraordinary,1
exuberance,1
exuberant,1
exuberantly,1
exude,1
exult,1
exultant,1
exultation,1
exultingly,1
eye-catching,1
eyeful,1
fab,1
fabulous,1
fabulously,1
facial,1
facile,1
facilitate,1
facilitative,1
factual,1
facultative,1
fain,1
fair,1
fairly,1
fairness,1
faith,1
faithful,1
faithfully,1
faithfulness,1
fame,1
famed,1
family,1
famous,1
famously,1
fan,1
fancier,1
fancy,1
fanfare,1
fantasize,1
fantastic,1
fantastically,1
far-out,1
far-seeing,1
far-sighted,1
fare,1
fascinate,1
fascinating,1
fascinatingly,1
fascination,1
fashionable,1
fashionably,1
fashionista,1
fast,1
fast-lane,1
fast-paced,1
fast-track,1
fastest,1
fastidious,1
fastness,1
fatherly,1
faultless,1
fauntleroy,1
fave,1
favour,1
favourable,1
favoured,1
favourite,1
fearless,1
fearlessly,1
feasible,1
feasibly,1
feast,1
feat,1
feature,1
feature-rich,1
febrile,1
fecund,1
fecundate,1
feel-good,1
felicitate,1
felicitous,1
felicity,1
fellow-feeling,1
fellowship,1
fertile,1
fervent,1
fervently,1
fervid,1
fervidly,1
fervour,1
festal,1
festival,1
festive,1
festivity,1
fetching,1
fete,1
fete-champetre,1
fete-galante,1
fever,1
fever-pitch,1
fevered,1
fey,1
fidelity,1
fidus-achates,1
fiesta,1
fighting-fit,1
fine,1
fine-looking,1
fine-tune,1
finely,1
finesse,1
finest,1
firm,1
first,1
first-class,1
first-rate,1
fit,1
fitting,1
five,1
five-star,1
flamboyant,1
flash,1
flatter,1
flattered,1
flattering,1
flatteringly,1
flavourful,1
flawless,1
flawlessly,1
fledged,1
fleet,1
flexibility,1
flexible,1
flourish,1
flourishing,1
flower,1
fluent,1
fluently,1
flush,1
flutter,1
fly,1
focus,1
focused,1
fond,1
fondly,1
fondness,1
fool-proof,1
footloose,1
for,1
for-real,1
force,1
forceful,1
foremost,1
foresee,1
foresight,1
foresighted,1
forever,1
forgivable,1
forgive,1
forgiveness,1
forgiving,1
formal,1
formidable,1
forthright,1
fortified,1
fortify,1
fortifying,1
fortitude,1
fortuitous,1
fortuitously,1
fortunate,1
fortunately,1
fortune,1
forward,1
forward-thinking,1
foxy,1
fragrant,1
frank,1
fraternal,1
free,1
free-spirit,1
freed,1
freedom,1
freedoms,1
fresh,1
friend,1
friendliness,1
friendly,1
friendship,1
fringe-benefit,1
frisk,1
frisky,1
frisson,1
frolic,1
frolicsome,1
front-page,1
front-runner,1
frugal,1
fruitful,1
ftw,1
fulfil,1
fulfilled,1
fulfilling,1
fulfilment,1
fulgent,1
full,1
full-blooded,1
full-marks,1
fully,1
fulsome,1
fun,1
fundamental,1
fundraiser,1
funfair,1
funky,1
funny,1
future-proof,1
fáilte,1
gad,1
gag,1
gaiety,1
gaily,1
gain,1
gained,1
gainful,1
gainfully,1
gains,1
gala,1
galahad,1
gale,1
galibi,1
gallant,1
gallantly,1
gallantry,1
gallivant,1
gallus,1
galore,1
galvanize,1
game,1
gameplan,1
gamesome,1
gamine,1
gangbuster,1
garb,1
gargantuan,1
garland,1
garnish,1
gastronome,1
gastronomy,1
gay,1
geek,1
gem,1
generate,1
generativity,1
generosity,1
generous,1
generously,1
genial,1
genius,1
genteel,1
gentle,1
gentlefolk,1
gentleman,1
gentlemanly,1
gentlewoman,1
genuine,1
germane,1
get-at-able,1
gettable,1
getter,1
giddy,1
gift,1
gifted,1
giggle,1
giggling,1
gild,1
ginger,1
gingerly,1
girlfriend,1
gist,1
give,1
giving,1
glad,1
glad-rags,1
gladden,1
gladhand,1
gladly,1
gladness,1
glam,1
glamor,1
glamorize,1
glamorous,1
glamour,1
glasnost,1
gleam,1
gleaming,1
glee,1
gleeful,1
gleefully,1
glimmer,1
glimmering,1
glisten,1
glistening,1
glister,1
glitter,1
glitterati,1
glitz,1
glorify,1
glorious,1
gloriously,1
glory,1
glossy,1
glow,1
glowing,1
glowingly,1
go,1
goal-oriented,1
god,1
god-fearing,1
god-given,1
god-send,1
goddess,1
godlike,1
godliness,1
godly,1
god’s-gift,1
god’s-truth,1
going,1
going-that-extra-mile,1
golconda,1
gold,1
gold-standard,1
golden,1
golden-goal,1
golden-goose,1
golden-handcuffs,1
golden-hello,1
golden-jubilee,1
golden-oldie,1
golden-wedding,1
good,1
good-feeling,1
good-form,1
good-friday,1
good-health,1
good-hearted,1
good-humoured,1
good-looking,1
good-natured,1
good-tempered,1
good-works,1
goodish,1
goodly,1
goodness,1
goodnight,1
goodwill,1
goody,1
gorge,1
gorgeous,1
gorgeously,1
gorgeousness,1
gosh,1
gourmandize,1
gourmet,1
grace,1
graced,1
graceful,1
gracefully,1
gracile,1
gracility,1
gracious,1
graciously,1
graciousness,1
gradely,1
graduate,1
grammy,1
grand,1
grandee,1
grandeur,1
grandiose,1
grandiosity,1
grandmaster,1
grandslam,1
grateful,1
gratefully,1
gratefulness,1
gratification,1
gratified,1
gratifier,1
gratify,1
gratifying,1
gratifyingly,1
gratitude,1
gratuity,1
gravitate,1
great,1
great-hearted,1
greatest,1
greatly,1
greatness,1
greet,1
greeting,1
gregarious,1
grin,1
grind,1
grit,1
gritty,1
grok,1
groom,1
groovy,1
ground-breaking,1
grounded,1
grow,1
growing,1
grown,1
growth,1
guarantee,1
guaranteed,1
guard,1
guerdon,1
guest,1
guffaw,1
guidance,1
guide,1
guileless,1
guilt-free,1
guiltless,1
gumption,1
gumptious,1
guru,1
gush,1
gusher,1
gushy,1
gussy,1
gusto,1
guts,1
gutsy,1
gutty,1
gymnastic,1
habitable,1
haecceity,1
haere,1
haha,1
hail,1
halcyon,1
hale,1
half-price,1
hall,1
hallelujah,1
hallmark,1
hallmarks,1
hallow,1
hallowed,1
halo,1
hand-pick,1
hand-picked,1
handclap,1
handily,1
handle,1
handout,1
hands-down,1
handsel,1
handshake,1
handsome,1
handsomely,1
handsomeness,1
handy,1
hang,1
hang-out,1
hansel,1
happening,1
happily,1
happiness,1
happy,1
happy-go-lucky,1
hard-hitting,1
hard-wearing,1
hard-working,1
hardihood,1
hardy,1
hare,1
harmless,1
harmonious,1
harmoniously,1
harmonizable,1
harmonize,1
harmony,1
haut-monde,1
haute-couture,1
have,1
haven,1
hawk-eyed,1
hayride,1
he-man,1
head,1
head-turning,1
headway,1
heady,1
heal,1
healing,1
health,1
health-food,1
healthful,1
healthy,1
heart,1
heart-throb,1
heart-to-heart,1
heart-warming,1
hearten,1
heartening,1
heartfelt,1
heartily,1
hearty,1
heaven,1
heaven-sent,1
heavenly,1
heavyweight,1
hedonism,1
heed,1
heedful,1
heigh,1
heighten,1
hello,1
help,1
helped,1
helper,1
helpful,1
helpfully,1
helpfulness,1
helping,1
helpmate,1
hen-night,1
hen-party,1
hep,1
hepcat,1
herald,1
heralded,1
hermetic,1
hero,1
heroes,1
heroic,1
heroically,1
heroine,1
heroism,1
heroize,1
heterosis,1
heuristic,1
hi-fi,1
hickey,1
hidalgo,1
hiero,1
high,1
high-calibre,1
high-class,1
high-day,1
high-demand,1
high-minded,1
high-powered,1
high-priority,1
high-quality,1
high-reaching,1
high-road,1
high-spirited,1
high-spiritedness,1
high-spirits,1
high-spot,1
high-tech,1
high-technology,1
high-tensile,1
highly,1
highly-regarded,1
highly-seasoned,1
highly-valued,1
hilarious,1
hilarity,1
hinny,1
hip,1
hippocratic,1
hipster,1
hit,1
hitch,1
hitched,1
ho-ho,1
hobby,1
hobnob,1
hoedown,1
hold,1
hole-in-one,1
holiness,1
holy,1
homage,1
home,1
homely,1
homey,1
homie,1
hone,1
honest,1
honest-to-goodness,1
honestly,1
honesty,1
honey,1
honeybun,1
honeyed,1
honeymoon,1
honeypot,1
hongi,1
honora,1
honorand,1
honorary,1
honoree,1
honorific,1
honoris-causa,1
honour,1
honourable,1
honourable-mention,1
honoured,1
honouring,1
honours-list,1
hooray,1
hoot,1
hootenanny,1
hope,1
hope-chest,1
hopeful,1
hopefully,1
hopefulness,1
horse-sense,1
hortative,1
hosanna,1
hospitable,1
hospitality,1
host,1
hot,1
hot-blooded,1
hot-gospel,1
hot-stuff,1
hot-ticket,1
hotcake,1
hotcakes,1
hotshot,1
hottest,1
hottie,1
house-warming,1
how,1
howdy,1
howl,1
howling,1
hubba-hubba,1
hug,1
huge,1
huggable,1
human,1
human-rights,1
humane,1
humanistic,1
humanitarian,1
humble,1
humdinger,1
humility,1
humorous,1
humorously,1
humour,1
hunky,1
hunky-dory,1
hurrah,1
hushaby,1
hushabye,1
huzza,1
hybrid-vigour,1
hygiene,1
hygienic,1
hygienist,1
hype,1
hyped,1
hypersonic,1
hypnotic,1
hysteria,1
hysteric,1
hysterical,1
icebreaker,1
icon,1
iconic,1
iconize,1
idea,1
ideal,1
ideality,1
idealize,1
ideally,1
ideate,1
idol,1
idolize,1
idolized,1
idyll,1
idyllic,1
iechyd,1
igratiate,1
illimitable,1
illume,1
illuminant,1
illuminate,1
illuminating,1
illumination,1
illumine,1
illustrate,1
illustrative,1
illustrious,1
imaginative,1
imaginings,1
imbibe,1
imbue,1
immaculate,1
immaculately,1
immense,1
immerse,1
immortal,1
immortelle,1
immune,1
immunity,1
immunize,1
immunotherapy,1
impart,1
impartial,1
impartiality,1
impartially,1
impassible,1
impassioned,1
impeccable,1
impeccably,1
impel,1
important,1
impress,1
impressed,1
impressive,1
impressively,1
impressiveness,1
improve,1
improved,1
improvement,1
improvements,1
improving,1
improvise,1
in,1
in-crowd,1
in-depth,1
in-group,1
inamorato,1
incentive,1
incept,1
incisive,1
include,1
inclusion,1
inclusive,1
income,1
increase,1
incredible,1
incredibly,1
indebted,1
indeed,1
indestructible,1
individual,1
individualism,1
individuality,1
individualize,1
indomitable,1
indulgence,1
indulgent,1
industrial-strength,1
industrious,1
inestimable,1
inexpensive,1
inexpensively,1
infallibility,1
infallible,1
infallibly,1
infatuate,1
infatuated,1
infectious,1
infinite,1
infinitely,1
infinity,1
influential,1
inform,1
informal,1
informative,1
informatory,1
informed,1
infotainment,1
infrangible,1
infuse,1
infusion,1
ingenious,1
ingeniously,1
ingenuity,1
ingenuous,1
ingenuously,1
ingratiating,1
ingratiatingly,1
ingratiation,1
inherit,1
initiate,1
initiative,1
innocent,1
innocuous,1
innovate,1
innovation,1
innovative,1
input,1
inquisitive,1
insight,1
insightful,1
insightfully,1
inspiration,1
inspirational,1
inspire,1
inspired,1
inspiring,1
inspirit,1
instructive,1
instrumental,1
insulate,1
integral,1
integrate,1
integrated,1
integrity,1
intellect,1
intellection,1
intellectual,1
intelligence,1
intelligent,1
intelligentsia,1
intelligible,1
intercede,1
interest,1
interest-free,1
interested,1
interesting,1
interests,1
intergrow,1
interlude,1
intimacy,1
intimate,1
intrepid,1
intricacy,1
intricate,1
intrigue,1
intriguing,1
intriguingly,1
intuition,1
intuitive,1
invaluable,1
invaluably,1
invent,1
invention,1
inventive,1
invest,1
invigorate,1
invigorating,1
invincibility,1
invincible,1
inviolable,1
inviolate,1
invitation,1
invite,1
inviting,1
invocation,1
invulnerable,1
irenic,1
irie,1
ironclad,1
irradiant,1
irreplaceable,1
irreproachable,1
irresistible,1
irresistibly,1
isotonic,1
issue-free,1
izzat,1
jest,1
joke,1
jolly,1
jovial,1
joy,1
joyful,1
joyous,1
jubilant,1
jubilation,1
juicy,1
just,1
kahuna,1
kairos,1
kaizen,1
keen,1
keenly,1
keenness,1
keep-fit,1
keep-up,1
keeper,1
kempt,1
kermis,1
kia,1
kick,1
kick-ass,1
kicking,1
kicky,1
kid-friendly,1
kind,1
kind-hearted,1
kindliness,1
kindly,1
kindness,1
kindred,1
kindred-spirit,1
king-of-kings,1
king-sized,1
kingly,1
kingpin,1
kinship,1
kiss,1
kissable,1
kissogram,1
klondike,1
knack,1
knee-slapper,1
knees-up,1
knight,1
knightly,1
knockout,1
knowing,1
knowledge,1
knowledgeable,1
kosher,1
kudos,1
kvell,1
kwanzaa,1
lady,1
ladylike,1
lagniappe,1
laidback,1
lambent,1
lap-of-honour,1
large,1
large-hearted,1
largesse,1
lark,1
lateral-thinking,1
laud,1
laudable,1
laudably,1
laudatory,1
laugh,1
laughing,1
laureate,1
lavish,1
lavishly,1
law-abiding,1
lawful,1
lawfully,1
lead,1
leader,1
leadership,1
leading,1
lean,1
learn,1
learned,1
learning,1
legend,1
legendary,1
legerdemain,1
legit,1
legitimacy,1
legitimate,1
legitimize,1
leisure,1
leisured,1
leisurely,1
lekker,1
leman,1
lenient,1
liberate,1
liberation,1
liberty,1
lie-in,1
lief,1
life,1
lifeline,1
lifesaver,1
lift,1
light,1
light-footed,1
light-hearted,1
lighten,1
likable,1
like,1
liked,1
likes,1
liking,1
lily-white,1
limber,1
limpid,1
linchpin,1
lion,1
lionhearted,1
lissom,1
literate,1
lithe,1
live,1
live-wire,1
liveable,1
lively,1
livelyhood,1
liven,1
living,1
locket,1
lodestone,1
logic,1
logical,1
long-lasting,1
long-lived,1
long-sighted,1
long-suffering,1
longevity,1
lovable,1
lovably,1
love,1
love-affair,1
love-match,1
love-nest,1
love-seat,1
lovebird,1
loved,1
loved-up,1
loveliness,1
lovely,1
lover,1
lovesome,1
lovey,1
lovey-dovey,1
loving,1
loving-kindness,1
low-cost,1
low-key,1
low-price,1
low-priced,1
low-risk,1
lower-priced,1
loyal,1
loyalty,1
lucent,1
lucid,1
lucidly,1
luck,1
luckiest,1
luckiness,1
lucky,1
lucrative,1
luculent,1
lucullan,1
ludic,1
lull,1
lullaby,1
lulu,1
luminary,1
luminous,1
luscious,1
lush,1
luster,1
lustrate,1
lustre,1
lustrous,1
lusty,1
luvvy,1
luxe,1
luxuriant,1
luxuriate,1
luxurious,1
luxuriously,1
luxury,1
lynx-eyed,1
made,1
magic,1
magical,1
magnanimous,1
magnetic,1
magnetism,1
magnificent,1
magnify,1
magnitude,1
mai,1
main,1
mainstay,1
maintain,1
majestic,1
majesty,1
major,1
majority,1
make,1
mammoth,1
manage,1
manifest,1
manner,1
many,1
marketable,1
marriage,1
marvel,1
marvellous,1
marvelous,1
massive,1
master,1
masterfully,1
masterpiece,1
mate,1
matter,1
mature,1
maturity,1
maximum,1
meaning,1
meaningful,1
mediate,1
meditate,1
meditation,1
mellifluous,1
mellow,1
melodic,1
melodious,1
memorable,1
mental,1
mentally-sharp,1
mentor,1
merciful,1
mercy,1
merit,1
meritorious,1
merry,1
mesmerize,1
mesmerizing,1
method,1
mettle,1
million,1
mind,1
mind-blowing,1
mindful,1
mindfulness,1
mingle,1
miracle,1
miraculous,1
mirth,1
miss,1
mission,1
mobility,1
model,1
moderate,1
modern,1
momentous,1
monumental,1
moral,1
morale,1
more,1
most,1
motherhood,1
motivate,1
motivation,1
move,1
moving,1
movingly,1
much,1
multitude,1
munificent,1
musical-pleasan,1
must,1
mutually,1
nailed,1
nailed-on,1
namaste,1
nascent,1
natal,1
nationhood,1
nationwide,1
native,1
natty,1
natural,1
naturally,1
nature,1
nature-made,1
natured,1
navigable,1
navigate,1
near,1
nearby,1
neat,1
neat-as-pin,1
neat-handed,1
neaten,1
neatly,1
necessarily,1
necessary,1
necessity,1
nectar,1
need,1
needed,1
negative,1
neighborhood,1
neighborly,1
neo,1
neonate,1
neoteric,1
nestle,1
neutral,1
never-dying,1
never-ending,1
never-failing,1
new,1
newborn,1
newfangled,1
newfound,1
newly,1
newlywed,1
next,1
nibble,1
nice,1
nice-looking,1
nice-one,1
nice-to-meet-you,1
nicely,1
nicety,1
nifty,1
nimble,1
nimble-fingered,1
nimbleness,1
nimbly,1
nimbus,1
nippy,1
nirvana,1
nitty-gritty,1
no-doubt,1
nob,1
nobility,1
noble,1
nobleman,1
nod,1
noiseless,1
nom,1
nominate,1
nominee,1
non,1
non-belligerent,1
non-resistant,1
non-violence,1
nonchalant,1
noncommittal,1
nonnegative,1
nonpareil,1
nonstop,1
nook,1
normal,1
normally,1
norturing,1
nostalgia,1
notable,1
note,1
noted,1
noteworthy,1
notice,1
noticeable,1
noticeably,1
nourish,1
nourishing,1
nourishment,1
nouveau,1
novel,1
novelty,1
now,1
nubile,1
number,1
number-one,1
numerous,1
numinous,1
nurse,1
nurture,1
nutrient,1
nutriment,1
nutrition,1
nutritious,1
nuzzle,1
nymph,1
nymphet,1
oasis,1
oath,1
obedient,1
objective,1
objectively,1
obliged,1
obliging,1
obligingly,1
observant,1
obtain,1
obtainable,1
occur,1
odds-on,1
oecumenical,1
of,1
of-substance,1
offer,1
offering,1
officia,1
ok,1
okay,1
okayed,1
okey-dokey,1
olympiad,1
omnipotent,1
omniscience,1
omniscient,1
on,1
on-hand,1
on-target,1
on-time,1
oncoming,1
one-hundred,1
one-of-a-kind,1
one-up,1
oneness,1
ongoing,1
onward,1
oodles,1
oohlala,1
oomph,1
ooze,1
oozing,1
opalescent,1
open,1
open-hearted,1
open-heartedly,1
open-minded,1
open-mindedly,1
open-up,1
opening,1
openly,1
openness,1
operable,1
operatic,1
operational,1
operative,1
opportune,1
opportunities,1
opportunity,1
optimal,1
optimistic,1
optimum,1
opulence,1
opulent,1
ora,1
orchestrated,1
orderly,1
organic,1
organizational,1
organized,1
original,1
originality,1
originate,1
origination,1
originative,1
ornamental,1
ornate,1
orotund,1
osculate,1
out-of-sight,1
out-of-the,1
out-of-this-world,1
outback,1
outdo,1
outdone,1
outgoing,1
outlast,1
outplay,1
outrageous,1
outshine,1
outshone,1
outsize,1
outsmart,1
outspoken,1
outstanding,1
outstretch,1
ovation,1
over,1
over-joyful,1
overachieve,1
overachiever,1
overactive,1
overage,1
overbold,1
overexcited,1
overflow,1
overflowing,1
overfond,1
overjoy,1
overjoyed,1
overjoying,1
overmodest,1
overpower,1
overriding,1
oversize,1
overt,1
overtake,1
overtaking,1
overwhelming,1
owner,1
pace,1
pacify,1
pain-free,1
painless,1
painlessly,1
painstaking,1
pair,1
pal,1
palatable,1
palatial,1
pally,1
palpable,1
pamper,1
par-excellence,1
paradisal,1
paradise,1
paragon,1
paramount,1
pardon,1
parenting,1
particular,1
partisan,1
partner,1
partnership,1
party,1
passion,1
passionate,1
passionately,1
passive,1
paternal,1
pathfinder,1
patience,1
patient,1
patiently,1
patriot,1
patriotic,1
patriotism,1
patronize,1
peace,1
peaceable,1
peaceably,1
peaceful,1
peacefulness,1
peacekeeper,1
peacemaker,1
peach,1
peachy,1
peachy-keen,1
peak,1
pearl,1
peerless,1
pep,1
peppy,1
percent,1
perception,1
perceptive,1
perfect,1
perfection,1
perfectionist,1
perfectly,1
perk,1
perky,1
permanent,1
permissible,1
perseverance,1
persevere,1
persist,1
persistence,1
persistent,1
persistently,1
personable,1
personality,1
perspective,1
persuasive,1
persuasively,1
pert,1
pertinent,1
pervade,1
petichor,1
petite,1
phenomena,1
phenomenal,1
phenomenally,1
phenomenon,1
phew,1
philanthropic,1
philanthropist,1
philanthropy,1
philosopher,1
philosophical,1
pick,1
pick-me-up,1
picturesque,1
piety,1
pilot,1
pinnacle,1
pioneer,1
pioneering,1
pious,1
piquancy,1
piquant,1
pivotal,1
pizzazz,1
placid,1
plausible,1
play,1
playful,1
playfulness,1
playmate,1
plea,1
pleasant,1
pleasantly,1
please,1
pleased,1
pleasing,1
pleasurable,1
pleasure,1
plenitude,1
plenteous,1
plentiful,1
plenty,1
pliability,1
pliable,1
plucky,1
plug,1
plum,1
plummy,1
plump,1
plus,1
plush,1
poet,1
poetic,1
poetical,1
poise,1
polish,1
polite,1
politely,1
politeness,1
popular,1
popularity,1
portable,1
portal,1
portray,1
posh,1
positive,1
positively,1
positivity,1
possess,1
possibility,1
possible,1
potent,1
potential,1
power,1
powerful,1
practical,1
practicality,1
practice,1
practiced,1
pragmatic,1
pragmatically,1
praise,1
praiseworthy,1
pray,1
prayer,1
precious,1
precise,1
precisely,1
precision,1
predominant,1
preeminent,1
preferable,1
preferred,1
premier,1
premium,1
prepare,1
prepared,1
preparedness,1
preponderant,1
prepotent,1
presence,1
present,1
preservation,1
preserve,1
president,1
prestige,1
prestigious,1
presto,1
prettiness,1
pretty,1
prevail,1
prevailing,1
prevalent,1
priceless,1
pride,1
primal,1
primary,1
prime,1
primo,1
prince,1
princely,1
princess,1
principal,1
principle,1
principled,1
prior,1
priority,1
pristine,1
privacy,1
private,1
privilege,1
privileged,1
prize,1
prized,1
prizewinner,1
pro,1
proactive,1
process,1
prodigious,1
prodigy,1
produce,1
productive,1
productively,1
productivity,1
professional,1
professor,1
proficient,1
profit,1
profitable,1
profound,1
profoundly,1
profuse,1
profusion,1
progress,1
progressive,1
prolific,1
prominence,1
prominent,1
prominently,1
promise,1
promising,1
promisingly,1
promote,1
promotion,1
prompt,1
promptly,1
proper,1
properly,1
propitious,1
proponent,1
propose,1
prospect,1
prospective,1
prosper,1
prosperity,1
prosperous,1
protagonist,1
protect,1
protected,1
protective,1
protector,1
protege,1
proud,1
proudly,1
proven,1
provider,1
provocative,1
prowess,1
prudence,1
prudent,1
psychics,1
psychotherapy,1
pukka,1
pumped,1
punchy,1
punctilious,1
punctual,1
punctuality,1
puppy,1
pure,1
purely,1
purify,1
purity,1
purpose,1
purposeful,1
quadruple,1
quaff,1
quaint,1
quaintise,1
quaintisiness,1
quaintly,1
qualified,1
qualify,1
qualitative,1
qualitatively,1
quality,1
quality-assurance,1
quality-of-life,1
quality-time,1
quantifiable,1
quantity,1
quarter,1
quat,1
queen,1
queenhood,1
queenly,1
queep,1
quell,1
quemeful,1
quench,1
quenching,1
querist,1
quest,1
quester,1
question,1
qui,1
quick,1
quick-as-a-flash,1
quick-march,1
quick-moving,1
quick-release,1
quick-sighted,1
quick-thinking,1
quick-witted,1
quick-wittedly,1
quicken,1
quickening,1
quicker,1
quickly,1
quickness,1
quickstep,1
quiddity,1
quiescent,1
quiet,1
quieter,1
quietly,1
quietness,1
quietsome,1
quillet,1
quintessence,1
quintessential,1
quintessentially,1
quip,1
quirk,1
quirky,1
quite,1
quiver,1
quixotic,1
quiz,1
quota,1
quotable,1
quotation,1
quote,1
quotes,1
quotha,1
quotidian,1
racy,1
rad,1
radiance,1
radiant,1
radiantly,1
radiate,1
rah,1
rain-maker,1
rainbow,1
raison-d’etre,1
rambunctious,1
rapid,1
rapidly,1
rapport,1
rapt,1
rapture,1
rapturous,1
rapturously,1
rasasvada,1
rational,1
rationality,1
rationally,1
ravish,1
ravishing,1
ravishingly,1
razor-sharp,1
re-connection,1
reachable,1
readable,1
readily,1
readiness,1
ready,1
reaffirm,1
reaffirmation,1
real,1
realistic,1
reality,1
realizable,1
really,1
reap,1
reason,1
reasonable,1
reasonably,1
reasoned,1
reassurance,1
reassure,1
reassuring,1
reassuringly,1
reborn,1
receive,1
receiver,1
reception,1
receptive,1
receptively,1
recherche,1
recipient,1
reciprocal,1
reciprocally,1
reciprocate,1
reclaim,1
recognition,1
recognizable,1
recognize,1
recognized,1
recommend,1
recommendable,1
recommendation,1
recommendations,1
recommended,1
reconcile,1
reconciliation,1
record-setting,1
recover,1
recovery,1
recreation,1
rectification,1
rectify,1
rectifying,1
recuperation,1
recuperative,1
red-carpet,1
redeem,1
redeeming,1
redemption,1
refine,1
refined,1
refinement,1
reflection,1
reflective,1
reflectively,1
reform,1
reformed,1
reforming,1
reforms,1
refresh,1
refreshed,1
refreshing,1
refreshingly,1
refulgent,1
refund,1
refunded,1
regal,1
regally,1
regard,1
regnant,1
regular,1
regulator,1
reincarnation,1
rejoice,1
rejoicing,1
rejoicingly,1
rejuvenate,1
rejuvenated,1
rejuvenating,1
rejuvenation,1
rejuvenescent,1
relatedness,1
relationships,1
relax,1
relaxation,1
relaxed,1
relaxing,1
relaxingly,1
release,1
releasing,1
relent,1
relevant,1
reliability,1
reliable,1
reliably,1
relief,1
relieve,1
relieved,1
reliever,1
religion,1
relish,1
remarkable,1
remarkably,1
remedy,1
remission,1
remissive,1
remunerate,1
renaissance,1
renew,1
renewed,1
renovate,1
renovation,1
renown,1
renowned,1
replaceable,1
repose,1
represent,1
reputable,1
reputably,1
reputation,1
resilience,1
resilient,1
resiliently,1
resolute,1
resolutely,1
resolve,1
resolved,1
resound,1
resounding,1
resoundingly,1
resource,1
resourceful,1
resourcefully,1
resourcefulness,1
respect,1
respectable,1
respectably,1
respected,1
respectful,1
respectfully,1
respite,1
resplendent,1
resplendently,1
responsibility,1
responsible,1
responsibly,1
responsive,1
responsively,1
rest,1
rested,1
restful,1
restfully,1
restoration,1
restorative,1
restoratively,1
restore,1
restored,1
restructure,1
restructured,1
restructuring,1
result,1
results,1
retentive,1
retentively,1
retractable,1
return,1
reveal,1
revealing,1
revel,1
revelation,1
revere,1
revered,1
reverence,1
reverent,1
reverently,1
revitalize,1
revitalizing,1
revival,1
revive,1
revived,1
revives,1
revolutionary,1
revolutionize,1
revolutionized,1
revolutionizes,1
reward,1
rewardable,1
rewarding,1
rewardingly,1
rhapsodic,1
rhapsodically,1
rhapsody,1
rich,1
richer,1
richly,1
richness,1
right,1
right-o,1
righten,1
righteous,1
righteously,1
righteousness,1
rightful,1
rightfully,1
rightly,1
rightness,1
ripe,1
rise,1
risible,1
risibly,1
risk-free,1
risk-taking,1
robust,1
robustly,1
rock,1
roger,1
roger-that,1
roll,1
rollick,1
rollicking,1
rollickingly,1
romance,1
romantic,1
romantically,1
romanticize,1
romeo,1
roomier,1
roomy,1
rooted,1
rooter,1
rose,1
rosily,1
rosiness,1
rosy,1
round,1
rounded,1
rouse,1
rousing,1
rousingly,1
royal,1
rugged,1
ruggedly,1
ruler,1
ruling,1
run,1
run-after,1
run-for-my-money,1
runner,1
sabbath,1
saccharine,1
sacd,1
sachem,1
sacralise,1
sacralization,1
sacralize,1
sacred,1
sacrifice,1
sacrificial,1
sacrificially,1
sacring,1
sacrosanct,1
sadhu,1
safe,1
safe-bet,1
safe-guard,1
safe-house,1
safe-keeping,1
safe-period,1
safe-sex,1
safely,1
safeness,1
safety,1
safety-belt,1
safety-cage,1
safety-catch,1
safety-curtain,1
safety-film,1
safety-glass,1
safety-lamp,1
safety-match,1
safety-net,1
safety-pin,1
safety-razor,1
safety-use,1
safety-valve,1
saga,1
sagacious,1
sagaciously,1
sagacity,1
sagamore,1
saganaki,1
sage,1
sagely,1
sago,1
sahib,1
sail,1
saint,1
saintliness,1
saintly,1
saints-day,1
salaam,1
salary,1
sale,1
saleable,1
salient,1
saliently,1
salivate,1
sally-lunn,1
saloon-car,1
salt-of-the-earth,1
salubrious,1
salubriously,1
salubrity,1
salut,1
salutary,1
salutation,1
salutational,1
salutatorian,1
salutatory,1
salute,1
salutiferous,1
salvage,1
salvation,1
salvationist,1
salve,1
samaritan,1
samskara,1
sanative,1
sanctification,1
sanctified,1
sanctifier,1
sanctify,1
sanctifying,1
sanctimonious,1
sanction,1
sanctioned,1
sanctitude,1
sanctity,1
sanctuary,1
sanctum,1
sanctus,1
sand-pit,1
sandlot,1
sane,1
sanely,1
saneness,1
sangfroid,1
sanguine,1
sanguinely,1
sanguineness,1
sanitarily,1
sanitariness,1
sanitary,1
sanitize,1
sanity,1
santa,1
santa-claus,1
sap,1
sapid,1
sapidity,1
sapience,1
sapient,1
sapientia,1
sapiential,1
sapiently,1
sapling,1
sardar,1
sassy,1
sate,1
satiable,1
satiate,1
satiation,1
satiety,1
satisfaction,1
satisfactorily,1
satisfactoriness,1
satisfactory,1
satisfiability,1
satisfiable,1
satisfied,1
satisfies,1
satisfy,1
satisfying,1
satisfyingly,1
satori,1
satsang,1
satsanga,1
saturated,1
saturnalia,1
saucily,1
sauciness,1
saucy,1
sauna,1
saunter,1
savant,1
save,1
save-a-packet,1
saver,1
saving,1
saving-grace,1
savings,1
savior,1
saviour,1
savoir-faire,1
savor,1
savory,1
savour,1
savouring,1
savoury,1
savvied,1
savvier,1
savvies,1
savviest,1
savvy,1
savvying,1
say,1
scale-of-god,1
scamper,1
scenic,1
scherzando,1
scherzo,1
schmooze,1
scholar,1
scholarly,1
scholarship,1
school,1
schoolmate,1
science,1
scientific,1
scintillate,1
scintillating,1
scintillatingly,1
scintillation,1
scintillator,1
scion,1
scope,1
score,1
scores,1
scot-free,1
scrappy,1
scream,1
screamer,1
script,1
scripter,1
scrummier,1
scrummiest,1
scrummy,1
scrumptious,1
scrumptiously,1
scrumptiousness,1
scrupulous,1
sculp,1
sculptor,1
seamless,1
season,1
seasonable,1
seasoned,1
seaworthy,1
secluded,1
seclusion,1
second-advent,1
second-sight,1
second-sighted,1
second-wind,1
secure,1
secured,1
securely,1
security,1
seductive,1
sedulity-,1
sedulous,1
sedulously,1
sedulously–,1
sedulousness-,1
sedulous–,1
see-ya,1
seek,1
seeker,1
seem,1
seemly,1
select,1
selective,1
self-acceptance,1
self-affirmation,1
self-analysing,1
self-analysis-,1
self-assertive,1
self-assurance,1
self-assured,1
self-awareness,1
self-belief,1
self-compassion,1
self-confidence,1
self-confident,1
self-confident-,1
self-confidently,1
self-confidently-,1
self-consistency,1
self-consistent,1
self-control,1
self-controlled,1
self-defence,1
self-defensive,1
self-determination,1
self-discipline,1
self-disciplined,1
self-discovery,1
self-esteem,1
self-expression,1
self-forgiveness,1
self-fulfilling,1
self-help,1
self-kindness,1
self-love,1
self-made,1
self-protection,1
self-realisation,1
self-realization,1
self-respect,1
self-sacrifice-,1
self-sacrificing,1
self-satisfaction,1
self-starter,1
self-starting,1
self-sufficiency,1
self-sufficient,1
self-sufficient-,1
self-sustained,1
self-sustaining,1
self-taughtself-worth,1
selfless,1
selflessly,1
selflessness,1
selling-point-,1
sensation,1
sensational,1
sensationally,1
sensations,1
sense,1
sensibility,1
sensible,1
sensibly,1
sensitive,1
sensitively,1
sensitivity,1
sensitize,1
sensual,1
sensuous,1
sensuously,1
sentient,1
sentiment,1
sentimental,1
sentimental-value,1
sentimentally,1
sentinel,1
sequacious,1
sequin,1
serenade,1
serenader,1
serendipitous,1
serendipitously,1
serendipity,1
serene,1
serenely,1
serenity,1
serious,1
seriously,1
serve,1
server,1
service,1
serviceable,1
set,1
settled,1
settling,1
seventh-day-adventist,1
sex-appeal,1
sex-bomb,1
sex-symbol,1
sexcentenary,1
sexiness,1
sexpot,1
sexual,1
sexy,1
sfx,1
sgraffito,1
shabash,1
shabbat,1
shabbos,1
shalom,1
shape,1
shape-shifting,1
shapeliness,1
shapely,1
share,1
share-out,1
sharp,1
sharp-featured,1
sharp-witted,1
sharp-wittedness,1
sharper,1
sharpest,1
sharpness,1
sharpy,1
shaver,1
shazaam,1
shazam,1
sheen,1
sheeniest,1
sheeny,1
sheer,1
shekhinah,1
shelter,1
shift,1
shifting,1
shimmering,1
shimmeringly,1
shimmery,1
shindig,1
shindy,1
shine,1
shine-shining,1
shiner,1
shine–shining,1
shining,1
shiningly,1
shiny,1
shipshape,1
show,1
show-up-more-present,1
showy,1
shrewd,1
shrewdess,1
shy,1
sight,1
sightly,1
significance,1
significant,1
significantly,1
silent,1
silver,1
simple,1
simpler,1
simplest,1
simplicity,1
simplified,1
simplifies,1
simplify,1
simplifying,1
simply,1
sincere,1
sincerely,1
sincerity,1
sinew,1
sinewy,1
singular,1
sir,1
sire,1
sister,1
sisterly,1
sizable,1
size,1
sizzling,1
skilful,1
skilfully,1
skill,1
skilled,1
skillful,1
skipper,1
sky-high,1
slammin,1
sleek,1
sleekly,1
sleekness,1
sleeky,1
sleep,1
sleep-tight,1
slender,1
slick,1
sloane,1
sloaney,1
sloe-eyed,1
slumber-party,1
small-fry,1
smarm,1
smart,1
smarten,1
smarter,1
smartest,1
smartly,1
smartness,1
smash,1
smashing,1
smashingly,1
smile,1
smiles,1
smiling,1
smilingly,1
smitten,1
smooch,1
smoocher,1
smooching,1
smoochy,1
smoodge,1
smooth,1
smoother,1
smoothes,1
smoothest,1
smoothie,1
smoothly,1
snap,1
snappy,1
snazzily,1
snazziness,1
snazzy,1
snod,1
snog,1
snoot,1
snug,1
snugged,1
snuggery,1
snugging,1
snuggle,1
snugly,1
snugness,1
snugs,1
soar,1
soaraway,1
soarer,1
soaring,1
soaringly,1
sober,1
sobriety,1
sociable,1
sociably,1
social,1
social-partner,1
socialise,1
socialization,1
socialize,1
socializer,1
socializing,1
socially,1
societal,1
soft,1
soft-hearted,1
soft-heartedness,1
softer,1
softly,1
soigne,1
sol,1
solace,1
solar,1
solatium,1
soldier-of-christ,1
solemn,1
solemness,1
solemnity,1
solemnize,1
solemny,1
solicitous,1
solicitously,1
solicitude,1
solid,1
solidarity,1
solidary,1
solidify,1
solidly,1
son-of-man,1
songbird,1
sonsy,1
sooth,1
soothe,1
soothing,1
soothingly,1
sophisticate,1
sophisticated,1
sophisticatedly,1
sorry,1
sorted,1
sos,1
soteriology,1
sought-after,1
soul,1
soul-food,1
soul-stretching,1
soulful,1
soulfully,1
soulmate,1
sound,1
soundly,1
soundness,1
soundproof,1
sounds-good,1
soup-kitchen,1
soup-up,1
souped-up,1
souvenir,1
sovereign,1
sovreign,1
space,1
spacious,1
spanking,1
spark,1
sparkle,1
sparkles,1
sparkling,1
sparkly,1
spearhead,1
special,1
specialist,1
speciality,1
specialize,1
specially,1
spectacle,1
spectacular,1
spectacularly,1
speed,1
speed-dating,1
speedily,1
speedy,1
spell,1
spellbind,1
spellbinding,1
spellbindingly,1
spellbound,1
spending-money,1
spice,1
spicky-and-span,1
spicy,1
spiff,1
spiffing,1
spiffy,1
spine-tingling,1
spirit,1
spirited,1
spiritedly,1
spiritual,1
spiritual-order,1
spiritually,1
splendent,1
splendid,1
splendidly,1
splendiferous,1
splendiferously,1
splendor,1
splendour,1
splurge,1
spoil,1
sponsor,1
spontaneity,1
spontaneous,1
spontaneously,1
sport,1
sporting,1
sportingly,1
sportive,1
sportively,1
sportsmanship,1
sporty,1
spot,1
spot-on,1
spotless,1
spotlessly,1
sprauncy,1
sprightly,1
sprite,1
sprout,1
spruce,1
sprung,1
spry,1
spunk,1
spunky,1
square,1
square-meal,1
squire,1
sshhhh!,1
stability,1
stabilization,1
stabilize,1
stabilizerstable,1
stable,1
stablish,1
stably,1
stacked,1
stag-night,1
stage-struck,1
staid,1
stainless,1
stand-alone,1
stand-up,1
standard-bearer,1
standardize,1
standing-ovation,1
standout,1
star,1
star-in-its-own-right,1
star-spangled,1
star-struck,1
star-studded,1
starlet,1
starry,1
stars,1
start,1
state,1
state-of-the-art,1
stately,1
statuesque,1
stature,1
status,1
staunch,1
staunchly,1
staunchness,1
staying-power,1
steadfast,1
steadfastly,1
steadfastness,1
steadiest,1
steadiness,1
steady,1
steady-going,1
steel,1
steely,1
stellar,1
stellarly,1
sterile,1
sterilize,1
sterilse,1
sterling,1
sthenic,1
still,1
stimulant,1
stimulate,1
stimulated,1
stimulates,1
stimulating,1
stimulation,1
stimulative,1
stimulus,1
stipend,1
stipendiary,1
stir,1
stirred,1
stirring,1
stirringly,1
stocking-filler,1
stoic,1
stoical,1
stoked,1
stolid,1
stong-hold,1
stonker,1
stoosh,1
storied,1
stout,1
stout-hearted,1
straight,1
straight-flush,1
straight-up,1
straighten,1
straightforward,1
strategic,1
streak,1
streamline,1
streamlined,1
street-legal,1
street-smart-,1
street-wise,1
streetwise,1
strength,1
strengthen,1
strenuous,1
stride,1
strike,1
striking,1
strikingly,1
stringent,1
stripling,1
strive,1
striving,1
stroke,1
strong,1
strong-suit,1
strong-words,1
stronger,1
strongest,1
strongly,1
stud,1
student,1
studious,1
studiously,1
studly,1
studmuffin,1
study,1
stun,1
stunned,1
stunning,1
stunningly,1
stupendous,1
stupendously,1
sturdier,1
sturdy,1
style,1
stylish,1
stylishly,1
stylist,1
stylized,1
suasive,1
suave,1
suavely,1
sublime,1
subsidize,1
subsidized,1
subsidizes,1
subsidizing,1
substantial,1
substantially,1
substantiate,1
substantive,1
subtilise,1
subtilize,1
subtle,1
subtly,1
subvent,1
subvention,1
succeed,1
succeeded,1
succeeder,1
succeeding,1
succeeds,1
success,1
success-story,1
successes,1
successful,1
successfully,1
succinct,1
succinctly,1
succulent,1
suffice,1
sufficed,1
suffices,1
sufficiency,1
sufficient,1
sufficiently,1
sugar,1
sugar-dumpling,1
suit,1
suitable,1
suitably,1
suitor,1
summa-cum-laude,1
summary,1
sumptuosity,1
sumptuous,1
sumptuously,1
sumptuousness,1
sun,1
sun-kissed,1
sunbathe,1
sunday-best,1
sunniness,1
sunny,1
sunshine,1
suntan,1
sup,1
super,1
superabundant,1
superabundantly,1
superb,1
superbly,1
supercal,1
superconscious,1
superfine,1
superfly,1
superhero,1
superhuman,1
superior,1
superiority,1
superlative,1
superman,1
superpower,1
supple,1
supply,1
support,1
supported,1
supporter,1
supporting,1
supportive,1
supportively,1
supportiveness,1
supports,1
supremacy,1
supreme,1
supremely,1
supremo,1
sure,1
sure-fire,1
sure-footed,1
surety,1
surfie,1
surmount,1
surpass,1
surprised,1
surreal,1
survival,1
survive,1
survivor,1
sustain,1
sustainability,1
sustainable,1
sustained,1
sustenance,1
sustentation,1
svelte,1
swag,1
swagger,1
swaggy,1
swain,1
swank,1
swankier,1
swankiest,1
swanky,1
swaraj,1
swashbuckler,1
swashbuckling,1
sweep,1
sweeping,1
sweet,1
sweet-william,1
sweeten,1
sweetener,1
sweetheart,1
sweetie,1
sweetie-pie,1
sweeting,1
sweetly,1
sweetness,1
swell,1
swift,1
swiftness,1
swoon,1
swoop,1
sympathetic,1
sympathetically,1
sympathise,1
sympathizer,1
sympathy,1
sync,1
synergist,1
synergy,1
systematic,1
syzygy,1
ta-da,1
tackle,1
tact,1
tactful,1
tailor-made,1
tailored,1
take,1
take-charge,1
talent,1
talented,1
tall,1
tame,1
tangible,1
tangy,1
tantalize,1
tantalizing,1
tasteful,1
tasty,1
taught,1
taut,1
teach,1
teacher,1
teaching,1
team,1
teamwork,1
temperate,1
temptation,1
tempting,1
tenable,1
tenacious,1
tenancy,1
tender,1
tenderhearted,1
tenderness,1
terrific,1
testament,1
testimonial,1
testimony,1
thank,1
thank-you,1
thankful,1
thankfully,1
thankfulness,1
thanks,1
thanksgiving,1
the,1
the-one,1
the-ultimate,1
therapeutic,1
therapy,1
thinker,1
thinking,1
thirst,1
thorough,1
thoroughbred,1
thoroughly,1
thoroughness,1
thoughtful,1
thoughtfully,1
thoughtfulness,1
thoughts,1
thrill,1
thrilled,1
thriller,1
thrilling,1
thrive,1
thriving,1
throne,1
thumbs-up,1
tickle,1
tidbit,1
tidy,1
time-honored,1
timeless,1
timeliness,1
timely,1
tip-top,1
tireless,1
tirelessly,1
titanis,1
titleholder,1
tlc,1
to-the-core,1
today,1
together,1
togetherness,1
tolerance,1
tolerant,1
toothsome,1
top,1
top-class,1
top-dog,1
top-level,1
top-notch,1
top-priority,1
top-quality,1
top-tier,1
topmost,1
toppers,1
topping,1
total,1
totality,1
touch,1
touched,1
touching,1
tough,1
trademark,1
trailblazer,1
training,1
trait,1
tranquil,1
tranquility,1
tranquillity,1
transcend,1
transcendental,1
transfixed,1
transform,1
transformation,1
transient,1
transparent,1
transpicuous,1
treasure,1
treat,1
treatment,1
tremendous,1
tremendously,1
trending,1
trendsetter,1
trendy,1
tribune,1
trigger,1
triumph,1
triumphant,1
triumphantly,1
trooper,1
trophy,1
trove,1
TRUE,1
true-blue,1
true-hearted,1
true-love,1
true-lovers-knot,1
truly,1
trust,1
trustful,1
trusting,1
trustworthiness,1
trustworthy,1
trusty,1
truth,1
truthful,1
truthfully,1
truthfulness,1
try,1
tuition,1
tune,1
tuneful,1
twinkle,1
twinkling,1
tycoon,1
uber,1
uberty,1
ubiquitary,1
ubiquitous,1
ubuntu,1
uh-hu,1
uhuh,1
ultimate,1
ultimately,1
ultimation,1
ultra,1
ultra-crisp,1
ultraprecise,1
unabashed,1
unabashedly,1
unadulterated,1
unaffected,1
unaffectedly,1
unafraid,1
unalloyed,1
unambiguous,1
unambiguously,1
unanchor,1
unanimous,1
unarguable,1
unassailable,1
unassuming,1
unattached,1
unbearably,1
unbeatable,1
unbeaten,1
unbelieavable,1
unbelievable,1
unbelievably,1
unbenumb,1
unberden,1
unbias,1
unbiased,1
unbigoted,1
unblemished,1
unbound,1
unbreakable,1
unbroken,1
unburden,1
uncommon,1
uncomplicated,1
unconditional,1
unconditionally,1
unconfound,1
uncontestable,1
unconventional,1
uncorrupted,1
uncover,1
uncritical,1
uncritically,1
undamaged,1
undauntable,1
undaunted,1
undefeated,1
undefiled,1
undeniable,1
undeniably,1
under,1
under-control,1
underbear,1
underfong,1
understand,1
understandable,1
understanding,1
understandingly,1
understated,1
understood,1
undertake,1
underwriter,1
undesigning,1
undiminished,1
undisputable,1
undisputed,1
undisputedly,1
undisturbed,1
undivided,1
undoubted,1
undoubtedly,1
undying,1
unencumbered,1
unequaled,1
unequalled,1
unequivocal,1
unequivocally,1
unerring,1
unerringly,1
unfailing,1
unfailingly,1
unfaltering,1
unfaultable,1
unfazed,1
unfeigned,1
unfetter,1
unfettered,1
unflagging,1
unflaggingly,1
unflappable,1
unflashy,1
unfold,1
unforgettable,1
ungrudging,1
ungrudgingly,1
unhampered,1
unharmed,1
unhesitating,1
unhurried,1
unhurry,1
unhurt,1
unification,1
unified,1
unify,1
unimpaired,1
unimpeachable,1
unimpeded,1
union,1
unique,1
uniquely,1
uniqueness,1
unite,1
united,1
unity,1
universal,1
universally,1
universe,1
unlimited,1
unmatched,1
unmistakable,1
unmitigated,1
unobjectionable,1
unobstructed,1
unobtrusive,1
unopposed,1
unparalleled,1
unprecedented,1
unpretentious,1
unquestionable,1
unquestionably,1
unreal,1
unrefuted,1
unrelenting,1
unreserved,1
unrestricted,1
unrivalled,1
unruffled,1
unselfish,1
unselfishly,1
unshakable,1
unshaken,1
unspoiled,1
unspoilt,1
unstoppable,1
unstoppably,1
unsullied,1
unsurpassed,1
untarnished,1
untiring,1
untouchable,1
untouched,1
untroubled,1
unusual,1
unwasteful,1
unwavering,1
unwind,1
unyielding,1
up,1
up-and-comer,1
up-front,1
up-leveled,1
up-to-date,1
up-to-par,1
upbear,1
upbeat,1
upcheer,1
upcoming,1
upcycle,1
updated,1
upfront,1
upgradable,1
upgrade,1
upgradeable,1
upgraded,1
upheld,1
uphold,1
upholder,1
uplift,1
uplifted,1
uplifting,1
upliftingly,1
upliftment,1
uppermost,1
upright,1
uprightly,1
uprightness,1
upscale,1
upskill,1
upstand,1
upstanding,1
upward,1
upwardly,1
urbane,1
urbanely,1
usable,1
use,1
useable,1
useful,1
usefully,1
usefulness,1
user-friendly,1
user-replaceable,1
usually,1
utile,1
utilize,1
utmost,1
utopia,1
utopian,1
utter,1
uxorious,1
v.i.p,1
va-va-voom,1
valedictorian,1
valentine,1
valiant,1
valiantly,1
valid,1
validate,1
validity,1
valor,1
valorize,1
valorous,1
valuable,1
value,1
valued,1
vantage,1
variegated,1
variety,1
variously,1
vast,1
vastly,1
vault,1
vegetate,1
vehement,1
vehemently,1
venerable,1
venerate,1
veneration,1
vent,1
venture,1
venturesome,1
veracious,1
veracity,1
verdant,1
verdure,1
verification,1
verified,1
verify,1
verily,1
versatality,1
versatile,1
versed,1
vertiginous,1
verve,1
very,1
vest,1
vestal,1
veteran,1
viable,1
vibrant,1
vibration,1
victor,1
victorious,1
victory,1
vigilant,1
vigor,1
vigorous,1
vigorously,1
vigour,1
vim,1
vindicate,1
vintage,1
virile,1
virility,1
virtue,1
virtuosity,1
virtuoso,1
virtuous,1
visible,1
vision,1
visionary,1
visit,1
visualizaton,1
visualize,1
vital,1
vitality,1
vitalize,1
vitally,1
viva,1
vivace,1
vivacious,1
vivacity,1
vive,1
vivid,1
vividly,1
vocal,1
volume,1
volunteer,1
voluptuous,1
voluptuousness,1
vonte,1
vortex,1
votary,1
vouch,1
vow,1
voyage,1
wackily,1
wackiness,1
wacky,1
waft,1
wag,1
wage,1
waggery,1
waggish,1
waggishly,1
waggishness,1
wakeful,1
wakefully,1
wakefulness,1
walfarism,1
walkover,1
wallflower,1
wandering,1
wanderlust,1
want,1
wanted,1
wanton,1
war-bride,1
war-cry,1
war-dance,1
warm,1
warm-blooded,1
warm-hearted,1
warm-up,1
warmer,1
warmly,1
warmth,1
warrant,1
warrior,1
wash,1
wassail,1
watch,1
watchable,1
watchful,1
wave,1
way,1
weak-kneed,1
wealth,1
wealthy,1
weather-proof,1
wedding,1
wedding-band,1
wedding-breakfast,1
wedding-cake,1
wedding-march,1
wedding-ring,1
wedlock,1
weighty,1
welcome,1
welcomed,1
welcoming,1
welfare,1
welfare-state,1
well,1
well-adjusted,1
well-advised,1
well-appointed,1
well-balanced,1
well-behaved,1
well-being,1
well-born,1
well-bred,1
well-connected,1
well-done,1
well-earned,1
well-educated,1
well-endowed,1
well-established,1
well-favoured,1
well-found,1
well-founded,1
well-grounded,1
well-heeled,1
well-informed,1
well-intentioned,1
well-knit,1
well-known,1
well-liked,1
well-made,1
well-managed,1
well-mannered,1
well-meaning,1
well-off,1
well-oiled,1
well-pleased,1
well-positioned,1
well-preserved,1
well-read,1
well-received,1
well-regarded,1
well-rounded,1
well-run,1
well-spent,1
well-spoken,1
well-to-do,1
well-tried,1
well-turned,1
well-wisher,1
wellbeing,1
wellness,1
wellspring,1
welly,1
whacky,1
whatsoever,1
wheatgerm,1
whee,1
wheeze,1
whet,1
whim-wham,1
whimsical,1
whimsicality,1
whimsically,1
whimsy,1
whippy,1
whisper,1
white,1
white-christmas,1
whiz,1
whoa,1
whole,1
wholehearted,1
wholeheartedly,1
wholesome,1
wholly,1
whoop,1
whoopee,1
whopper,1
whopping,1
wide,1
wide-awake,1
wide-eye,1
wide-eyed,1
wieldy,1
wild,1
wildcard,1
will,1
willed,1
willing,1
willingly,1
willingness,1
willpower,1
win,1
windfall,1
window,1
windproof,1
wink,1
winnable,1
winner,1
winners,1
winning,1
wins,1
winsome,1
wired,1
wisdom,1
wise,1
wisely,1
wish,1
wishlist,1
wit,1
with,1
withstand,1
witticism,1
witting,1
witty,1
wiz,1
wizadry,1
wizard,1
wltm,1
womanhood,1
womanism,1
won,1
wonder,1
wonderful,1
wonderfully,1
wondering,1
wonderland,1
wonderment,1
wonders,1
wonderstruck,1
wondrous,1
wondrously,1
woo,1
word,1
word-perfect,1
wordly,1
words,1
work,1
work-ethic,1
work-permit,1
workable,1
workaround,1
worked,1
workhorse,1
workmate,1
workout,1
works,1
world-beater,1
world-class,1
world-famous,1
world-ranking,1
worldly,1
worldly-wise,1
worship,1
worshipful,1
worshipped,1
worshipper,1
worshipping,1
worth,1
worth-it,1
worthiness,1
worthwhile,1
worthy,1
wotcha,1
would,1
wow,1
wowed,1
wowing,1
wows,1
wunderkind,1
wunderkinder,1
x-factor,1
xaern,1
xanadu,1
xenagogue,1
xenial,1
xenium,1
xenodochial,1
xenodochy,1
xenoglossy,1
xenolalia,1
xenomania,1
xenophile,1
xenophilia,1
xfactor,1
xiexie,1
xoxo,1
xyresic,1
yaba-daba-do,1
yahoo,1
yak,1
yang,1
yap,1
yare,1
yarn,1
yay,1
yea,1
yeah,1
yearn,1
yearning,1
yee-haw,1
yell,1
yep,1
yern,1
yes,1
yield,1
yift,1
yip,1
yippee,1
yo,1
yock,1
yodel,1
yoga,1
yoke,1
yolo,1
you,1
young,1
young-at-heart,1
young-blood,1
young-gun,1
young-looking,1
youngster,1
younker,1
yours,1
youth,1
youthful,1
youthfulness,1
yugen,1
yum,1
yummy,1
yummy-mummy,1
yummylicious,1
yup,1
yuppie,1
zaddik,1
zaftig,1
zany,1
zappy,1
zardozi,1
zarzuella,1
zazzy,1
zeal,1
zealous,1
zen,1
zenith,1
zephyr,1
zero,1
zest,1
zestful,1
zesty,1
zillion,1
zing,1
zinger,1
zion,1
zip,1
zipless,1
zippily,1
zippiness,1
zippy,1
zoftig,1
zoom,1
zorbing,1
zouk,1
zounds,1
zowie,1
