jigaboo,curse
mound of venus,curse
asslover,curse
s&m,curse
queaf,curse
whitetrash,curse
meatrack,curse
ra8s,curse
pimp,curse
urine,curse
whit,curse
randy,curse
herpes,curse
niglet,curse
narcotic,curse
pudboy,curse
rimming,curse
boner,curse
pornography,curse
poop chute,curse
israel,curse
dong,curse
slanteye,curse
muffdiving,curse
jiggabo,curse
assassination,curse
peepshpw,curse
popimp,curse
girl on,curse
testicles,curse
laid,curse
molestor,curse
peni5,curse
tranny,curse
barface,curse
hell,curse
arsehole,curse
pissed,curse
sixsixsix,curse
execute,curse
shitty ,curse
conspiracy,curse
hamas,curse
cunilingus,curse
bitcher,curse
muslim,curse
pee,curse
niggled,curse
muffindiver,curse
cocksman,curse
scag,curse
aroused,curse
niggling,curse
fingerfucker ,curse
nlggor,curse
niggaz,curse
assfuck,curse
slant,curse
urinate,curse
mothafucked ,curse
fungus,curse
retard,curse
gummer,curse
venus mound,curse
alla,curse
spaghettinigger,curse
piss,curse
mickeyfinn,curse
fuckers,curse
jizzim,curse
tramp,curse
quashie,curse
prince albert piercing,curse
hardon,curse
menage a trois,curse
bukkake,curse
shag,curse
australian,curse
raped,curse
buggery,curse
deth,curse
weenie,curse
lickme,curse
reverse cowgirl,curse
tonguetramp,curse
cum,curse
copulate,curse
gun,curse
schlong,curse
cunn,curse
damnit,curse
crackpipe,curse
buttmuncher,curse
cameltoe,curse
camgirl,curse
hotpussy,curse
cuntfucker,curse
slave,curse
sluts,curse
ball licking,curse
hentai,curse
jackshit,curse
dickman,curse
doo-doo,curse
gook,curse
crimes,curse
ho,curse
bomd,curse
shitdick,curse
slapper,curse
urinary,curse
tantra,curse
nookie,curse
fuckedup,curse
gubba,curse
niggur,curse
cybersex,curse
dicklicker,curse
cunillingus,curse
hitlerism,curse
butt,curse
triplex,curse
busty,curse
dicklick,curse
kunilingus,curse
asian,curse
tonguethrust,curse
fistfucking ,curse
assmonkey,curse
criminal,curse
cockknob,curse
koon,curse
children's,curse
shat,curse
footfucker,curse
blonde action,curse
spitter,curse
weapon,curse
dive,curse
cumm,curse
cuntlicking ,curse
sexy-slim,curse
lemon party,curse
vibrater,curse
upskirt,curse
jijjiboo,curse
fuckfriend,curse
pthc,curse
mothafucka,curse
sniggered,curse
buttfuckers,curse
nutfucker,curse
peehole,curse
taboo,curse
erection,curse
nudity,curse
bast,curse
lesbayn,curse
hummer,curse
shortfuck,curse
cherrypopper,curse
adult,curse
palestinian,curse
pussylips,curse
nooner,curse
how to kill,curse
blumpkin,curse
stiffy,curse
piss pig,curse
beastiality,curse
latin,curse
butchbabes,curse
spunk,curse
gross,curse
xx,curse
crackwhore,curse
butt-fuckers,curse
kraut,curse
pooping,curse
style doggy,curse
lactate,curse
fecal,curse
rusty trombone,curse
wrinkled starfish,curse
spigotty,curse
dink,curse
clogwog,curse
whitey,curse
dies,curse
radical,curse
slaughter,curse
bollick,curse
sodomite,curse
balls,curse
nimphomania,curse
ball gag,curse
poof,curse
muff diver,curse
jail bait,curse
beaver,curse
asspirate,curse
bareback,curse
pimpjuice,curse
ballsack,curse
bi-sexual,curse
torture,curse
limey,curse
nookey,curse
breastman,curse
loser,curse
kills,curse
lesbo,curse
beatyourmeat,curse
lovemaking,curse
munt,curse
clitoris,curse
fornicate,curse
wet dream,curse
double penetration,curse
missionary position,curse
bugger,curse
lovejuice,curse
date rape,curse
eatballs,curse
handjob,curse
nlgger,curse
dixiedyke,curse
junglebunny,curse
sonofabitch,curse
goddamned,curse
deep throat,curse
jism,curse
assclown,curse
shitforbrains,curse
screwyou,curse
ethiopian,curse
nastyslut,curse
gang bang,curse
lubejob,curse
tied up,curse
make me come,curse
rimjob,curse
sexfarm,curse
tight white,curse
lezbe,curse
lezbo,curse
tribadism,curse
butt-bang,curse
asskiss,curse
sadism,curse
biteme,curse
angie,curse
abortion,curse
murderer,curse
motherfucker,curse
sextoy,curse
2g1c,curse
doggy style,curse
cunntt,curse
cooly,curse
ball sack,curse
sodom,curse
slideitin,curse
fudge packer,curse
fatfuck,curse
god,curse
gipp,curse
communist,curse
felatio ,curse
libido,curse
xtc,curse
cuntfuck,curse
niggardly,curse
fuckface,curse
faggot,curse
protestant,curse
trailertrash,curse
headfuck,curse
shav,curse
dickweed,curse
refugee,curse
trannie,curse
giant cock,curse
sexhound,curse
slut,curse
dead,curse
titlover,curse
wank,curse
moslem,curse
krappy,curse
black cock,curse
idiot,curse
tortur,curse
erotic,curse
donkey punch,curse
dirty pillows,curse
cockcowboy,curse
sucker,curse
cocktail,curse
doom,curse
hymen,curse
vibr,curse
terrorist,curse
mufflikcer,curse
phonesex,curse
teste,curse
pisshead,curse
slime,curse
brea5t,curse
tea bagging,curse
slutt,curse
cumbubble,curse
blackout,curse
hijacking,curse
premature,curse
sextogo,curse
arse,curse
racist,curse
jimfish,curse
flydye,curse
juggs,curse
jade,curse
wigger,curse
niggard's,curse
jigg,curse
dumb,curse
devilworshipper,curse
firing,curse
gatorbait,curse
murder,curse
chinese,curse
fastfuck,curse
spik,curse
nuke,curse
bastinado,curse
kondum,curse
pansy,curse
destroy,curse
ikey,curse
women rapping,curse
titfucker,curse
crime,curse
swinger,curse
shitola,curse
killer,curse
fart,curse
booby,curse
pimpsimp,curse
coon,curse
strap on,curse
zigabo,curse
faith,curse
bisexual,curse
gangsta,curse
teat,curse
boobies,curse
kafir,curse
dp action,curse
jugs,curse
husky,curse
homoerotic,curse
twinkie,curse
spooge,curse
kink,curse
sleezebag,curse
gay,curse
homo,curse
slutwhore,curse
dickless,curse
cumfest,curse
israeli,curse
fuk,curse
niggardliness,curse
nigr,curse
goddamit,curse
sandnigger,curse
dope,curse
insest,curse
foreskin,curse
acrotomophilia,curse
dumbbitch,curse
fuckmonkey,curse
pubiclice,curse
cyberslimer,curse
titfuck,curse
cummer,curse
kumquat,curse
one guy one jar,curse
fire,curse
sexo,curse
carruth,curse
cocktease,curse
trisexual,curse
pric,curse
rabbi,curse
gypp,curse
cunnilingus,curse
dipshit,curse
welfare,curse
arabs,curse
transvestite,curse
tnt,curse
penile,curse
mothafuckings,curse
peckerwood,curse
enemy,curse
negroid,curse
genital,curse
gangbanger,curse
queef,curse
strapon,curse
thicklips,curse
female squirting,curse
flydie,curse
crabs,curse
christ,curse
ejaculate,curse
carpet muncher,curse
lucifer,curse
butchdyke,curse
vatican,curse
skumbag,curse
horseshit,curse
eunuch,curse
dickforbrains,curse
bondage,curse
kumbullbe,curse
crack,curse
niggerhole,curse
niggard,curse
rosy palm,curse
assranger,curse
beat-off,curse
bastard ,curse
asspuppies,curse
jiggerboo,curse
cuntlick ,curse
pommie,curse
doggie style,curse
lezz,curse
jesuschrist,curse
nazi,curse
feltch,curse
chode,curse
pleasure chest,curse
wetback,curse
zipperhead,curse
necro,curse
goddamnmuthafucker,curse
whiskeydick,curse
slopy,curse
executioner,curse
colored,curse
ethnic,curse
turnon,curse
hole,curse
nofuckingway,curse
mastrabator,curse
jack off,curse
orgies,curse
pisses ,curse
blow j,curse
criminals,curse
cockqueen,curse
tosser,curse
snownigger,curse
holestuffer,curse
dipstick,curse
mofo,curse
nipplering,curse
minority,curse
italiano,curse
palesimian,curse
poo,curse
horn,curse
rape,curse
genitals,curse
conservative,curse
jebus,curse
bullcrap,curse
dick,curse
cumqueen,curse
spread legs,curse
cancer,curse
kaffir,curse
mocky,curse
suckmytit,curse
vorarephilia,curse
naked,curse
shited,curse
nigg,curse
spermhearder,curse
whore,curse
african,curse
disease,curse
lovebone,curse
spreadeagle,curse
coprolagnia,curse
humping,curse
suicide girls,curse
bong,curse
pole smoker,curse
shrimping,curse
gin,curse
purinapricness,curse
sexslave,curse
big knockers,curse
iblowu,curse
pissin ,curse
skank,curse
lotion,curse
asshole,curse
easyslut,curse
mothafucker,curse
whiz,curse
lsd,curse
cocksucked ,curse
hosejob,curse
wanker,curse
cumjockey,curse
eat my ass,curse
lovegoo,curse
whites,curse
propaganda,curse
sexwhore,curse
cunt,curse
welcher,curse
how to murder,curse
scum,curse
phuked,curse
suckoff,curse
shithapens,curse
drug,curse
auto erotic,curse
sultry women,curse
barenaked,curse
wetspot,curse
sixtynine,curse
wrapping men,curse
buttplug,curse
jiggy,curse
alligatorbait,curse
flange,curse
shitfit,curse
dirty,curse
huge fat,curse
bulldyke,curse
orgasm,curse
bumfuck,curse
deposit,curse
big breasts,curse
sexual,curse
japanese,curse
suckmyass,curse
church,curse
goyim,curse
bohunk,curse
bigass,curse
fannyfucker,curse
gaymuthafuckinwhore,curse
babies,curse
girls,curse
turd,curse
fuck buttons,curse
fagging,curse
pisser,curse
sandm,curse
wog,curse
escort,curse
octopussy,curse
tinkle,curse
snigger,curse
groe,curse
vibrator,curse
dix,curse
swalow,curse
chin,curse
niggles,curse
asslicker,curse
molester,curse
backseat,curse
geez,curse
seppo,curse
sexually,curse
boong,curse
voyeur,curse
butthole,curse
hoser,curse
fore,curse
asswhore,curse
cocaine,curse
skanky,curse
european,curse
mothafuck,curse
titlicker,curse
buttstain,curse
penises,curse
spermacide,curse
mexican,curse
skankybitch,curse
white power,curse
puddboy,curse
coondog,curse
stripclub,curse
mockie,curse
american,curse
jesus,curse
tushy,curse
kumbubble,curse
milf,curse
mormon,curse
ontherag,curse
henhouse,curse
slutty,curse
big black,curse
dego,curse
daterape,curse
phukked,curse
cuntlicker ,curse
failed,curse
lezbefriends,curse
pissing,curse
bitchy,curse
pohm,curse
kigger,curse
nastywhore,curse
bangbros,curse
upthebutt,curse
cohee,curse
fistfuck,curse
fuckingbitch,curse
shibari,curse
cigs,curse
jiggaboo,curse
japcrap,curse
raper,curse
jackass,curse
orgasim ,curse
sexed,curse
jackoff,curse
baby batter,curse
toilet,curse
tampon,curse
uk,curse
porn,curse
snowballing,curse
goldenshower,curse
titties,curse
towelhead,curse
titjob,curse
abo,curse
molestation,curse
fok,curse
crapola,curse
foursome,curse
suicide,curse
scrotum,curse
cumming,curse
niggerhead,curse
pussie,curse
abuse,curse
analannie,curse
cocksucking,curse
breastjob,curse
blonde on blonde action,curse
paedophile,curse
kumming,curse
reestie,curse
suckme,curse
willie,curse
shhit,curse
titbitnipply,curse
hot chick,curse
skankwhore,curse
fudgepacker,curse
dragqueen,curse
deapthroat,curse
barelylegal,curse
circlejerk,curse
shinola,curse
hookers,curse
flatulence,curse
scat,curse
damn,curse
mafia,curse
anus,curse
gokkun,curse
argie,curse
buttpirate,curse
goregasm,curse
fagot,curse
fuks,curse
redneck,curse
jiga,curse
cockhead,curse
freakfuck,curse
2 girls 1 cup,curse
crotchjockey,curse
dripdick,curse
die,curse
fuckina,curse
orgy,curse
phungky,curse
beaver cleaver,curse
sexy,curse
darky,curse
magicwand,curse
screw,curse
dominatrix,curse
butt-fucker,curse
neonazi,curse
fuckpig,curse
manpaste,curse
molest,curse
whiskydick,curse
lez,curse
darkie,curse
rearend,curse
niggardliness's,curse
trojan,curse
smack,curse
lapdance,curse
brunette action,curse
hindoo,curse
fourtwenty,curse
deepthroat,curse
moles,curse
hebe,curse
pommy,curse
fuckher,curse
stringer,curse
one cup two girls,curse
peck,curse
backdoorman,curse
male squirting,curse
shiting,curse
clamdiver,curse
fairy,curse
pussylicker,curse
slav,curse
nigre,curse
robber,curse
horny,curse
penetration,curse
phuking,curse
cigarette,curse
dyefly,curse
playboy,curse
golden shower,curse
cumshot,curse
chinamen,curse
pickaninny,curse
diddle,curse
fatah,curse
bombers,curse
suckdick,curse
bigbastard,curse
pube,curse
mosshead,curse
pornking,curse
terror,curse
pimper,curse
fuckbuddy,curse
period,curse
catholics,curse
pistol,curse
g-spot,curse
doodoo,curse
mockey,curse
funeral,curse
prickhead,curse
whop,curse
allah,curse
pussyeater,curse
cocksmith,curse
executed,curse
barely legal,curse
niggarding,curse
swastika,curse
buried,curse
pocho,curse
nip,curse
weewee,curse
whiskey,curse
beast,curse
phone sex,curse
muncher,curse
fuckhead,curse
smackthemonkey,curse
badfuck,curse
harem,curse
nigerians,curse
bastardo,curse
shooting,curse
pissoff ,curse
fistfucked ,curse
ginzo,curse
mattressprincess,curse
primetime,curse
undressing,curse
fuckable,curse
puss,curse
bbw,curse
damnation,curse
jeez,curse
stroking,curse
leather restraint,curse
yankee,curse
piky,curse
beastality,curse
cocksucer,curse
goddamn,curse
poopchute,curse
shitfaced,curse
dickhead,curse
gangbanged ,curse
masterbate,curse
pikey,curse
rosy palm and her 5 sisters,curse
doggiestyle,curse
bitches,curse
desire,curse
pansies,curse
dickbrain,curse
sissy,curse
felch,curse
penis,curse
horney,curse
buttmunch,curse
baptist,curse
assassin,curse
fingering,curse
cock,curse
osama,curse
mothafucking ,curse
republican,curse
wetb,curse
freefuck,curse
rere,curse
goatse,curse
transexual,curse
bunghole,curse
assholes,curse
butt-fuck,curse
nig nog,curse
snowback,curse
sniper,curse
gangbang,curse
cockfight,curse
death,curse
mggor,curse
skankbitch,curse
goy,curse
twat,curse
masturbate,curse
usama,curse
babeland,curse
dickwad,curse
cornhole,curse
nigra,curse
fuckinright,curse
blue waffle,curse
clit,curse
niggle,curse
timbernigger,curse
picaninny,curse
whorefucker,curse
yellowman,curse
ass,curse
ero,curse
dommes,curse
nig,curse
lolita,curse
grostulation,curse
dixiedike,curse
shitfucker,curse
hymie,curse
sheeney,curse
asswipe,curse
crash,curse
vomit,curse
died,curse
femdom,curse
cameljockey,curse
footfuck,curse
sonofbitch,curse
cleveland steamer,curse
dahmer,curse
feltcher,curse
bitch,curse
fingerfuckers,curse
buttface,curse
evl,curse
dammit,curse
lovepistol,curse
twink,curse
shitting,curse
blind,curse
reefer,curse
beaver lips,curse
motherlovebone,curse
panties,curse
fucka,curse
fatass,curse
lugan,curse
devil,curse
pornflick,curse
russkie,curse
fight,curse
thirdleg,curse
hore,curse
jerk off,curse
negroes,curse
moron,curse
shaved beaver,curse
gonzagas,curse
drunken,curse
blackman,curse
asskisser,curse
crotchrot,curse
motherfuckin,curse
lezzo,curse
fondle,curse
slopey,curse
clusterfuck,curse
fister,curse
skankfuck,curse
condom,curse
kill,curse
taff,curse
shithouse,curse
cockblock,curse
hoes,curse
horniest,curse
kunt,curse
facefucker,curse
assmuncher,curse
bollock,curse
smut,curse
stupidfuck,curse
assmunch,curse
prostitute,curse
payo,curse
poorwhitetrash,curse
honkey,curse
farting ,curse
getiton,curse
bulldike,curse
raping,curse
arab,curse
moky,curse
futanari,curse
nigger,curse
illegal,curse
hardcore,curse
skinflute,curse
throating,curse
asspacker,curse
leather straight jacket,curse
raghead,curse
crotch,curse
goo girl,curse
knobbing,curse
buttman,curse
glazeddonut,curse
urethra play,curse
africa,curse
fairies,curse
fuckmehard,curse
shaved pussy,curse
bitchin,curse
fu,curse
cocks,curse
fucker,curse
gyppie,curse
kinkster,curse
penthouse,curse
biatch,curse
wop,curse
erect,curse
fag,curse
fuck,curse
shitfull,curse
vaginal,curse
fraud,curse
color,curse
flasher,curse
filipino,curse
sexpot,curse
sexymoma,curse
boonie,curse
puke,curse
buttcheeks,curse
cacker,curse
bdsm,curse
shemale,curse
porchmonkey,curse
violet blue,curse
eatme,curse
looser,curse
virgin,curse
assbagger,curse
limy,curse
negro's,curse
lesbian,curse
hustler,curse
cunteyed,curse
tarbaby,curse
nipples,curse
dumbfuck,curse
backdoor,curse
wuzzie,curse
sadom,curse
threeway,curse
pimpjuic,curse
chinaman,curse
brown showers,curse
pubes,curse
masturbating,curse
bollocks,curse
bunga,curse
sodomize,curse
goddammit,curse
footstar,curse
goatcx,curse
chink,curse
butthead,curse
liquor,curse
spermbag,curse
jailbait,curse
beatoff,curse
incest,curse
vagina,curse
urophilia,curse
niggarded,curse
kaffer,curse
rearentry,curse
motherfucking,curse
spic,curse
areola,curse
harder,curse
greaseball,curse
loverocket,curse
asshore,curse
perv,curse
fingerfood,curse
muff,curse
shaggin,curse
commie,curse
hitler,curse
burn,curse
honky,curse
tongue,curse
fubar,curse
oral,curse
dildo,curse
abbo,curse
sniggering,curse
bomb,curse
omorashi,curse
pedophile,curse
spig,curse
freakyfucker,curse
swallower,curse
birdlock,curse
bigbutt,curse
nastyho,curse
goddamnes,curse
pooperscooper,curse
bi,curse
sucks,curse
jizz,curse
nambla,curse
puntang,curse
gay sex,curse
bootycall,curse
reject,curse
enema,curse
sob,curse
spankthemonkey,curse
buggered,curse
jewish,curse
wuss,curse
asslick,curse
bitching,curse
strip club,curse
gringo,curse
pendy,curse
tard,curse
boody,curse
chocolate rosebuds,curse
buttfuck,curse
domination,curse
faeces,curse
splittail,curse
clamdigger,curse
shitlist,curse
double dong,curse
niggor,curse
motherfucked,curse
slimeball,curse
pusy,curse
pedobear,curse
excrement,curse
goddamnit,curse
stagg,curse
hijack,curse
sexkitten,curse
hook,curse
coolie,curse
phuq,curse
servant,curse
gyppo,curse
slopehead,curse
pud,curse
fingerfuck ,curse
dumbass,curse
williewanker,curse
fisting,curse
crapper,curse
sixtyniner,curse
fetish,curse
two girls one cup,curse
threesome,curse
bitchez,curse
manhater,curse
pudd,curse
nympho,curse
mothafuckin,curse
shitted,curse
hitlerist,curse
semen,curse
pi55,curse
yaoi,curse
scissoring,curse
sodomise,curse
ky,curse
big tits,curse
muffdiver,curse
farty ,curse
nsfw images,curse
ecchi,curse
dirty sanchez,curse
mooncricket,curse
shite,curse
boom,curse
asshat,curse
fat,curse
intercourse,curse
chav,curse
intheass,curse
jacktheripper,curse
felcher,curse
spaghettibender,curse
angry,curse
gaysex ,curse
willy,curse
addict,curse
russki,curse
slimebucket,curse
bogan,curse
goodpoop,curse
fuckme ,curse
shitcan,curse
brothel,curse
rentafuck,curse
footjob,curse
sick,curse
shitoutofluck,curse
paki,curse
rump,curse
licker,curse
nigerian,curse
pindick,curse
cockrider,curse
felching,curse
geezer,curse
balllicker,curse
ponyplay,curse
fuckoff,curse
jizzum,curse
sadis,curse
hodgie,curse
fatfucker,curse
poop,curse
tits,curse
bicurious,curse
bombs,curse
hork,curse
mr hands,curse
bi curious,curse
sooty,curse
liberal,curse
prick,curse
clover clamps,curse
spunky,curse
nymphomania,curse
playgirl,curse
vietcong,curse
yellow showers,curse
xxx,curse
pecker,curse
bitchslap,curse
demon,curse
crap,curse
jihad,curse
assjockey,curse
macaca,curse
kums,curse
kinky,curse
pooper,curse
homicide,curse
fuuck,curse
poon,curse
fear,curse
shitfuck,curse
tittie,curse
wanking,curse
girl on top,curse
fistfucker ,curse
zoophilia,curse
farted ,curse
nigglings,curse
hiscock,curse
tang,curse
erotism,curse
floo,curse
honger,curse
meth,curse
beaner,curse
kummer,curse
wn,curse
geni,curse
whash,curse
fuckinnuts,curse
fuckin,curse
tainted love,curse
dyke,curse
kotex,curse
suck,curse
poverty,curse
butchdike,curse
datnigga,curse
uterus,curse
execution,curse
trots,curse
luckycammeltoe,curse
roach,curse
swallow,curse
motherfuck,curse
blow,curse
ball gravy,curse
slutwear,curse
panti,curse
kissass,curse
shawtypimp,curse
muffdive,curse
mulatto,curse
noonan,curse
wab,curse
banging,curse
tunneloflove,curse
doggystyle,curse
fuckwhore,curse
rapist,curse
homobangers,curse
porno,curse
barfface,curse
sex,curse
syphilis,curse
pearlnecklace,curse
sleezeball,curse
sextoys,curse
assman,curse
german,curse
shagging,curse
anilingus,curse
stupidfucker,curse
loadedgun,curse
beastial,curse
shithead,curse
asses,curse
pussylover,curse
niggah,curse
gotohell,curse
jigga,curse
remains,curse
frotting,curse
thirdeye,curse
fuckknob,curse
inthebuff,curse
nawashi,curse
roundeye,curse
retarded,curse
mastabate,curse
disturbed,curse
kunnilingus,curse
bung hole,curse
pee-pee,curse
camwhore,curse
satan,curse
lowlife,curse
tubgirl,curse
fucks,curse
diseases,curse
blow your l,curse
krap,curse
addicts,curse
snatchpatch,curse
bra,curse
poontang,curse
snatch,curse
pussypounder,curse
shit,curse
knife,curse
pu55i,curse
footaction,curse
footlicker,curse
bimbos,curse
mothafuckaz,curse
pussycat,curse
fucking,curse
funfuck,curse
piece of shit,curse
boang,curse
nipple,curse
fuckit,curse
shoot,curse
quim,curse
booty call,curse
slutting,curse
coitus,curse
tit,curse
spermherder,curse
raging boner,curse
buttfucker,curse
quickie,curse
grope,curse
skum,curse
rectum,curse
kanake,curse
soviet,curse
lies,curse
honkers,curse
chinky,curse
dingleberry,curse
shota,curse
hillbillies,curse
godammit,curse
fugly,curse
nasty,curse
ejaculation,curse
waysted,curse
carpetmuncher,curse
nastybitch,curse
camel toe,curse
strappado,curse
jew,curse
limpdick,curse
heroin,curse
panty,curse
polack,curse
pornprincess,curse
gonorrehea,curse
meatbeatter,curse
crotchmonkey,curse
topless,curse
shithappens,curse
foot fetish,curse
canadian,curse
amateur,curse
uck,curse
whitenigger,curse
niger,curse
bigger,curse
squaw,curse
hand job,curse
buttbang,curse
titty,curse
gypo,curse
defecate,curse
kock,curse
niggaracci,curse
pussyfucker,curse
corruption,curse
girls gone wild,curse
boobs,curse
ejaculated,curse
shitface,curse
autoerotic,curse
creamy,curse
bible,curse
fckcum,curse
knockers,curse
fucck,curse
whorehouse,curse
cocksmoker,curse
queer,curse
cocklover,curse
assblaster,curse
bombing,curse
hooters,curse
forni,curse
kike,curse
hapa,curse
bazooms,curse
vulva,curse
failure,curse
racial,curse
fuckfreak,curse
snot,curse
cuntsucker,curse
fingerfucked ,curse
scallywag,curse
pixy,curse
kkk,curse
mastabater,curse
byatch,curse
whigger,curse
sos,curse
pussy,curse
group sex,curse
attack,curse
fucktard,curse
nook,curse
marijuana,curse
filipina,curse
asscowboy,curse
fatso,curse
spit,curse
bazongas,curse
chickslick,curse
joint,curse
niggards,curse
cockblocker,curse
gob,curse
lingerie,curse
anal,curse
headlights,curse
dike,curse
pegging,curse
kaffre,curse
taste my,curse
crack-whore,curse
lynch,curse
tub girl,curse
bullshit,curse
explosion,curse
black,curse
homosexual,curse
fucked,curse
showtime,curse
lesbin,curse
kid,curse
fellatio,curse
nudger,curse
women's,curse
boonga,curse
choad,curse
assault,curse
cra5h,curse
tuckahoe,curse
fingerfucking ,curse
hijacker,curse
athletesfoot,curse
pom,curse
livesex,curse
hostage,curse
cocknob,curse
nude,curse
hard core,curse
fuckbag,curse
hobo,curse
itch,curse
gyp,curse
kyke,curse
pros,curse
stupid,curse
radicals,curse
figging,curse
fuckfest,curse
hottotrot,curse
kinbaku,curse
sexhouse,curse
violet wand,curse
analsex,curse
nigga,curse
nittit,curse
jiz ,curse
suckmydick,curse
pussies,curse
hotdamn,curse
assfucker,curse
jizim,curse
pixie,curse
kum,curse
cemetery,curse
rigger,curse
ethical slut,curse
dolcett,curse
ejaculating ,curse
babe,curse
cumquat,curse
eatpussy,curse
phuk,curse
givehead,curse
drunk,curse
phukking,curse
shiteater,curse
catholic,curse
hooker,curse
cocksuck ,curse
cocksucker,curse
ball kicking,curse
fuckyou,curse
crappy,curse
feltching,curse
mideast,curse
ecstacy,curse
ribbed,curse
dog style,curse
interracial,curse
tongue in a,curse
pocha,curse
skankywhore,curse
pu55y,curse
motherfuckings,curse
piker,curse
peepshow,curse
jap,curse
yiffy,curse
tongethruster,curse
nigger's,curse
breastlover,curse
stroke,curse
twobitwhore,curse
shits,curse
israel's,curse
jerkoff,curse
bullet vibe,curse
assassinate,curse
killed,curse
pocketpool,curse
whacker,curse
wtf,curse
barf,curse
juggalo,curse
negro,curse
spick,curse
gyppy,curse
nymph,curse
snigger's,curse
violence,curse
lovemuscle,curse
dago,curse
feces,curse
booty,curse
niggers,curse
shitter,curse
sodomy,curse
hussy,curse
pisspig,curse
coprophilia,curse
christian,curse
pimped,curse
boob,curse
breast,curse
sperm,curse
coloured,curse
redlight,curse
blacks,curse
orga,curse
bumblefuck,curse
mams,curse
slavedriver,curse
killing,curse
uptheass,curse
bestial,curse
sweetness,curse
heeb,curse
piccaninny,curse
pot,curse
honk,curse
jizjuice,curse
fuc,curse
nignog,curse
mgger,curse
sexing,curse
virginbreaker,curse
samckdaddy,curse
masterblaster,curse
heterosexual,curse
jigger ,curse
blowjob,curse
lovegun,curse
shitstain,curse
spank,curse
hiv,curse
lesbain,curse
mad,curse
sniggers,curse
jizm ,curse
testicle,curse
ball sucking,curse
dragqween,curse
guro,curse
pubic,curse
titfuckin,curse
moneyshot,curse
camslut,curse
bountybar,curse
assklown,curse
cocky,curse
transsexual,curse
unfuckable,curse
bestiality,curse
cocklicker,curse
